,,
236 CLAIRMONT AVE Mansfield OH,40.762529,-82.524019
136 SYCAMORE ST Mansfield OH,40.7625027,-82.5286667
270 DICKSON AVE Mansfield OH,40.760848,-82.5253059
153 WASHINGTON AVE Mansfield OH,40.762954,-82.5277367
214 ATCHESON AVE Mansfield OH,40.7646242,-82.5322465
150 HELEN AVE Mansfield OH,40.7629636,-82.5347445
159 RAE AVE Mansfield OH,40.763214,-82.536705
453 DICKSON AVE Mansfield OH,40.7608665,-82.5319639
184 ROWLAND AVE Mansfield OH,40.7639319,-82.533135
118 HELEN AVE Mansfield OH,40.7621101,-82.5347538
200 PENN AVE Mansfield OH,40.764384,-82.531338
121 RAE AVE Mansfield OH,40.7621885,-82.5365714
255 SHERIDAN AVE Mansfield OH,40.7642096,-82.5244921
76 HELEN AVE Mansfield OH,40.7608899,-82.5347538
200 GERKE AVE Mansfield OH,40.764348,-82.530214
190 SYCAMORE ST Mansfield OH,40.7639929,-82.5285821
59 ROWLAND AVE Mansfield OH,40.7604306,-82.5337393
544 PARK AVE Mansfield OH,40.759233,-82.5353033
278 PARK AVE Mansfield OH,40.7579303,-82.5055392
134 WESTERN AVE Mansfield OH,40.7625407,-82.5377549
181 SYCAMORE ST Mansfield OH,40.7638207,-82.5289626
243 DICKSON AVE Mansfield OH,40.7605982,-82.5241856
107 ROWLAND AVE Mansfield OH,40.7618055,-82.5336971
91 PENN AVE Mansfield OH,40.7612908,-82.5316786
246 CLAIRMONT AVE Mansfield OH,40.7625246,-82.5243696
523 HEINEMAN BLVD Mansfield OH,40.7618181,-82.5345002
157 BOWMAN ST Mansfield OH,40.7629754,-82.5232132
199 SYCAMORE ST Mansfield OH,40.7642171,-82.5290049
181 BENTON ST Mansfield OH,40.7637793,-82.5263522
96 ROWLAND AVE Mansfield OH,40.7614092,-82.5332004
136 RAE AVE Mansfield OH,40.7626701,-82.5361064
172 ROWLAND AVE Mansfield OH,40.763562,-82.533174
188 BENTON ST Mansfield OH,40.763983,-82.5260034
177 PENN AVE Mansfield OH,40.763654,-82.5317649
233 SHERIDAN AVE Mansfield OH,40.7642308,-82.5237532
556 HEINEMAN BLVD Mansfield OH,40.7621228,-82.5355569
552 PARK AVE Mansfield OH,40.7592494,-82.5355569
127 HELEN AVE Mansfield OH,40.7623608,-82.5352822
354 PARK AVE Mansfield OH,40.759146,-82.5284976
187 ATCHESON AVE Mansfield OH,40.7639319,-82.53273
206 GERKE AVE Mansfield OH,40.764677,-82.530218
91 ROWLAND AVE Mansfield OH,40.7613399,-82.533967
123 SYCAMORE ST Mansfield OH,40.7621283,-82.5289626
177 BENTON ST Mansfield OH,40.7636928,-82.5263839
58 HELEN AVE Mansfield OH,40.7604569,-82.5347538
216 RAE AVE Mansfield OH,40.764734,-82.535628
211 ATCHESON AVE Mansfield OH,40.7645564,-82.5326689
654 PARK AVE Mansfield OH,40.7579709,-82.4922596
201 ATCHESON AVE Mansfield OH,40.7642933,-82.5326664
52 ROWLAND AVE Mansfield OH,40.7602769,-82.5331898
236 GERKE AVE Mansfield OH,40.764897,-82.530292
568 HEINEMAN BLVD Mansfield OH,40.7620769,-82.5360642
104 HELEN AVE Mansfield OH,40.7617165,-82.5347538
240 CLAIRMONT AVE Mansfield OH,40.7624509,-82.5242278
199 HELEN AVE Mansfield OH,40.764462,-82.535059
187 PENN AVE Mansfield OH,40.76388,-82.531764
66 HELEN AVE Mansfield OH,40.7606537,-82.5347538
121 WILLOW ST Mansfield OH,40.7621313,-82.5253693
126 SYCAMORE ST Mansfield OH,40.7622272,-82.5286667
81 ROWLAND AVE Mansfield OH,40.761059,-82.533965
133 SYCAMORE ST Mansfield OH,40.7624038,-82.5289626
125 GETTINGS PL Mansfield OH,40.762224,-82.5322598
191 ROWLAND AVE Mansfield OH,40.764062,-82.533762
142 WESTERN AVE Mansfield OH,40.7627375,-82.5377549
156 RAE AVE Mansfield OH,40.763198,-82.535957
143 WASHINGTON AVE Mansfield OH,40.7626785,-82.5277367
194 ROWLAND AVE Mansfield OH,40.764165,-82.533071
136 ROWLAND AVE Mansfield OH,40.7625598,-82.5331898
113 WILLOW ST Mansfield OH,40.7618952,-82.5253693
282 PARK AVE Mansfield OH,40.7579193,-82.50537
197 GERKE AVE Mansfield OH,40.76424,-82.53079
129 RAE AVE Mansfield OH,40.7624247,-82.5365714
178 WESTERN AVE Mansfield OH,40.763839,-82.537611
106 ROWLAND AVE Mansfield OH,40.7617726,-82.5331898
194 SYCAMORE ST Mansfield OH,40.7640455,-82.528635
137 BENTON ST Mansfield OH,40.762528,-82.526448
214 ROWLAND AVE Mansfield OH,40.7646891,-82.5330873
107 PENN AVE Mansfield OH,40.7618314,-82.531668
73 BOWMAN ST Mansfield OH,40.7607658,-82.5231286
280 DICKSON AVE Mansfield OH,40.760891,-82.525758
149 HELEN AVE Mansfield OH,40.7629121,-82.5353335
33 BENTON ST Mansfield OH,40.7596671,-82.5262148
75 BENTON ST Mansfield OH,40.7608846,-82.5261725
283 SHERIDAN AVE Mansfield OH,40.764138,-82.525618
147 BOWMAN ST Mansfield OH,40.7627786,-82.5232132
215 GERKE AVE Mansfield OH,40.764678,-82.530777
510 PARK AVE Mansfield OH,40.7578209,-82.497208
167 PENN AVE Mansfield OH,40.763439,-82.531761
219 BOWMAN ST Mansfield OH,40.764677,-82.5232026
93 PENN AVE Mansfield OH,40.7614167,-82.5316469
257 CLAIRMONT AVE Mansfield OH,40.7621717,-82.5247774
215 ATCHESON AVE Mansfield OH,40.764687,-82.53267
276 SHERIDAN AVE Mansfield OH,40.7644901,-82.525327
141 WASHINGTON AVE Mansfield OH,40.7625971,-82.5276944
201 GERKE AVE Mansfield OH,40.76435,-82.530796
182 ROWLAND AVE Mansfield OH,40.763821,-82.533132
105 PENN AVE Mansfield OH,40.7617133,-82.531668
261 SHERIDAN AVE Mansfield OH,40.764121,-82.524907
454 DICKSON AVE Mansfield OH,40.76106,-82.531884
286 PARK AVE Mansfield OH,40.7579394,-82.505074
469 HILL AVE Mansfield OH,40.7636139,-82.532374
48 HELEN AVE Mansfield OH,40.7601841,-82.5347961
456 DICKSON AVE Mansfield OH,40.7611137,-82.532133
279 SHERIDAN AVE Mansfield OH,40.7642174,-82.5253693
136 WESTERN AVE Mansfield OH,40.7626194,-82.5377549
519 HEINEMAN BLVD Mansfield OH,40.7618044,-82.5342888
198 HELEN AVE Mansfield OH,40.764348,-82.53439
350 PARK AVE Mansfield OH,40.7591351,-82.5283285
196 PENN AVE Mansfield OH,40.764175,-82.531256
174 ROWLAND AVE Mansfield OH,40.7637,-82.533128
195 GERKE AVE Mansfield OH,40.76413,-82.5307909
460 DICKSON AVE Mansfield OH,40.7611328,-82.5324289
198 ROWLAND AVE Mansfield OH,40.764297,-82.533073
195 SYCAMORE ST Mansfield OH,40.764099,-82.5290049
163 PENN AVE Mansfield OH,40.763331,-82.531741
148 HELEN AVE Mansfield OH,40.762914,-82.534674
192 GERKE AVE Mansfield OH,40.764128,-82.530212
164 WESTERN AVE Mansfield OH,40.76329,-82.537621
138 HELEN AVE Mansfield OH,40.7626218,-82.5347538
395 SHERMAN PL Mansfield OH,40.7612778,-82.5298081
116 ROWLAND AVE Mansfield OH,40.7619813,-82.5332215
68 BENTON ST Mansfield OH,40.760674,-82.5259611
133 ROWLAND AVE Mansfield OH,40.7625139,-82.5336971
